<PAMDataset>
  <PAMRasterBand band="1">
    <GDALRasterAttributeTable tableType="thematic">
      <FieldDefn index="0">
        <Name>OID</Name>
        <Type>0</Type>
        <Usage>0</Usage>
      </FieldDefn>
      <FieldDefn index="1">
        <Name>Value</Name>
        <Type>0</Type>
        <Usage>0</Usage>
      </FieldDefn>
      <FieldDefn index="2">
        <Name>Count</Name>
        <Type>1</Type>
        <Usage>0</Usage>
      </FieldDefn>
      <Row index="0">
        <F>0</F>
        <F>2</F>
        <F>302575</F>
      </Row>
      <Row index="1">
        <F>1</F>
        <F>5</F>
        <F>1189149</F>
      </Row>
      <Row index="2">
        <F>2</F>
        <F>8</F>
        <F>205613</F>
      </Row>
      <Row index="3">
        <F>3</F>
        <F>9</F>
        <F>676263</F>
      </Row>
      <Row index="4">
        <F>4</F>
        <F>21</F>
        <F>35745</F>
      </Row>
    </GDALRasterAttributeTable>
  </PAMRasterBand>
</PAMDataset>
