<PAMDataset>
  <Metadata>
    <MDI key="DataType">Generic</MDI>
  </Metadata>
  <Metadata domain="Esri">
    <MDI key="PyramidResamplingType">NEAREST</MDI>
  </Metadata>
  <PAMRasterBand band="1">
    <Histograms>
      <HistItem>
        <HistMin>1447.879150390625</HistMin>
        <HistMax>1495.878295898438</HistMax>
        <BucketCount>256</BucketCount>
        <IncludeOutOfRange>1</IncludeOutOfRange>
        <Approximate>0</Approximate>
        <HistCounts>1|1|0|0|0|0|0|0|2|2|0|0|0|0|1|0|0|0|0|0|1|0|0|0|0|0|0|0|1|1|0|0|0|0|0|0|0|0|0|0|0|0|0|0|0|0|0|0|0|1|1|0|0|1|0|0|0|1|0|1|0|0|0|0|0|0|0|0|0|0|1|0|0|1|0|1|2|0|0|2|0|1|0|2|2|5|2|2|2|2|0|2|1|0|2|2|0|0|4|0|0|3|6|1|8|2|4|0|3|3|1|3|4|2|3|1|9|2|3|5|8|1|2|1|0|2|3|2|1|2|3|1|1|0|0|0|0|6|0|0|0|0|3|2|0|0|0|0|1|0|3|2|1|4|1|3|0|1|2|1|5|0|1|0|1|1|3|1|2|6|2|3|2|0|5|0|4|0|1|2|1|4|0|0|2|1|3|1|1|1|1|7|4|2|1|6|2|2|1|2|2|2|0|0|1|4|1|0|0|3|2|0|0|2|2|2|0|1|0|4|5|1|2|0|1|1|2|0|1|1|2|1|1|0|2|1|2|0|0|2|3|0|0|2|0|2|1|0|4|0|2|1|0|0|2|1</HistCounts>
      </HistItem>
    </Histograms>
    <Metadata>
      <MDI key="STATISTICS_MINIMUM">1447.8791503906</MDI>
      <MDI key="STATISTICS_MAXIMUM">1495.8782958984</MDI>
      <MDI key="STATISTICS_MEAN">1476.4056438315</MDI>
      <MDI key="STATISTICS_STDDEV">10.568859172223</MDI>
      <MDI key="STATISTICS_SKIPFACTORX">1</MDI>
      <MDI key="STATISTICS_SKIPFACTORY">1</MDI>
      <MDI key="STATISTICS_EXCLUDEDVALUES"></MDI>
      <MDI key="STATISTICS_COVARIANCES">111.700784202293</MDI>
    </Metadata>
  </PAMRasterBand>
</PAMDataset>
