<PAMDataset>
  <Metadata>
    <MDI key="DataType">Generic</MDI>
  </Metadata>
  <Metadata domain="Esri">
    <MDI key="PyramidResamplingType">NEAREST</MDI>
  </Metadata>
  <PAMRasterBand band="1">
    <Histograms>
      <HistItem>
        <HistMin>-0.5</HistMin>
        <HistMax>21.5</HistMax>
        <BucketCount>22</BucketCount>
        <IncludeOutOfRange>1</IncludeOutOfRange>
        <Approximate>0</Approximate>
        <HistCounts>0|0|943|0|0|0|50|96|46|111|30|17|0|0|0|0|0|0|0|0|0|134</HistCounts>
      </HistItem>
    </Histograms>
    <GDALRasterAttributeTable>
      <FieldDefn index="0">
        <Name>Rowid</Name>
        <Type>0</Type>
        <Usage>0</Usage>
      </FieldDefn>
      <FieldDefn index="1">
        <Name>VALUE</Name>
        <Type>0</Type>
        <Usage>0</Usage>
      </FieldDefn>
      <FieldDefn index="2">
        <Name>COUNT</Name>
        <Type>0</Type>
        <Usage>0</Usage>
      </FieldDefn>
      <Row index="0">
        <F>0</F>
        <F>2</F>
        <F>943</F>
      </Row>
      <Row index="1">
        <F>1</F>
        <F>6</F>
        <F>50</F>
      </Row>
      <Row index="2">
        <F>2</F>
        <F>7</F>
        <F>96</F>
      </Row>
      <Row index="3">
        <F>3</F>
        <F>8</F>
        <F>46</F>
      </Row>
      <Row index="4">
        <F>4</F>
        <F>9</F>
        <F>111</F>
      </Row>
      <Row index="5">
        <F>5</F>
        <F>10</F>
        <F>30</F>
      </Row>
      <Row index="6">
        <F>6</F>
        <F>11</F>
        <F>17</F>
      </Row>
      <Row index="7">
        <F>7</F>
        <F>21</F>
        <F>134</F>
      </Row>
    </GDALRasterAttributeTable>
    <Metadata>
      <MDI key="STATISTICS_MINIMUM">2</MDI>
      <MDI key="STATISTICS_MAXIMUM">21</MDI>
      <MDI key="STATISTICS_MEAN">5.2740014015417</MDI>
      <MDI key="STATISTICS_STDDEV">5.7208230076617</MDI>
      <MDI key="STATISTICS_SKIPFACTORX">1</MDI>
      <MDI key="STATISTICS_SKIPFACTORY">1</MDI>
      <MDI key="STATISTICS_EXCLUDEDVALUES"></MDI>
      <MDI key="STATISTICS_COVARIANCES">32.727815884991</MDI>
    </Metadata>
  </PAMRasterBand>
</PAMDataset>
