<PAMDataset>
  <Metadata />
  <Metadata domain="Esri">
    <MDI key="PyramidResamplingType">NEAREST</MDI>
  </Metadata>
  <PAMRasterBand band="1">
    <Histograms>
      <HistItem>
        <HistMin>-0.5</HistMin>
        <HistMax>287.5</HistMax>
        <BucketCount>288</BucketCount>
        <IncludeOutOfRange>1</IncludeOutOfRange>
        <Approximate>0</Approximate>
        <HistCounts>0|0|0|0|0|0|0|0|0|0|0|0|0|0|0|0|0|0|0|0|0|0|0|0|0|0|0|0|0|0|0|0|0|0|0|0|0|0|0|0|0|0|0|0|0|0|0|0|0|0|2701|0|0|0|0|0|0|0|0|0|0|0|0|0|0|0|0|0|0|0|0|0|0|0|0|0|0|0|0|0|0|0|0|0|0|0|0|0|0|0|0|0|0|0|0|0|0|0|0|0|0|0|0|0|0|0|0|0|0|0|0|0|0|0|0|0|0|0|0|0|0|0|0|0|0|0|0|0|0|0|0|0|0|0|0|0|0|1|0|6|2|0|1|3|5|1|2|4|5|3|4|2|0|4|6|10|10|8|13|9|14|20|18|6|4|6|5|8|4|5|3|8|13|14|16|14|11|8|4|8|6|11|7|4|3|2|5|0|3|1|1|1|0|4|4|1|1|0|2|2|2|0|3|1|0|0|2|1|1|4|1|1|1|2|1|0|0|1|1|1|0|0|1|0|1|1|0|2|0|2|0|0|0|0|2|0|1|1|0|0|2|1|0|1|0|1|0|0|0|0|0|1|0|1|0|0|0|1|0|0|0|0|0|0|0|0|0|0|0|0|0|0|0|0|0|0|0|0|0|0|1|0|0|0|0|0|0|1</HistCounts>
      </HistItem>
    </Histograms>
    <GDALRasterAttributeTable>
      <FieldDefn index="0">
        <Name>OBJECTID</Name>
        <Type>0</Type>
        <Usage>0</Usage>
      </FieldDefn>
      <FieldDefn index="1">
        <Name>Value</Name>
        <Type>0</Type>
        <Usage>0</Usage>
      </FieldDefn>
      <FieldDefn index="2">
        <Name>Count</Name>
        <Type>1</Type>
        <Usage>0</Usage>
      </FieldDefn>
      <Row index="0">
        <F>1</F>
        <F>50</F>
        <F>2701</F>
      </Row>
      <Row index="1">
        <F>2</F>
        <F>137</F>
        <F>1</F>
      </Row>
      <Row index="2">
        <F>3</F>
        <F>139</F>
        <F>6</F>
      </Row>
      <Row index="3">
        <F>4</F>
        <F>140</F>
        <F>2</F>
      </Row>
      <Row index="4">
        <F>5</F>
        <F>142</F>
        <F>1</F>
      </Row>
      <Row index="5">
        <F>6</F>
        <F>143</F>
        <F>3</F>
      </Row>
      <Row index="6">
        <F>7</F>
        <F>144</F>
        <F>5</F>
      </Row>
      <Row index="7">
        <F>8</F>
        <F>145</F>
        <F>1</F>
      </Row>
      <Row index="8">
        <F>9</F>
        <F>146</F>
        <F>2</F>
      </Row>
      <Row index="9">
        <F>10</F>
        <F>147</F>
        <F>4</F>
      </Row>
      <Row index="10">
        <F>11</F>
        <F>148</F>
        <F>5</F>
      </Row>
      <Row index="11">
        <F>12</F>
        <F>149</F>
        <F>3</F>
      </Row>
      <Row index="12">
        <F>13</F>
        <F>150</F>
        <F>4</F>
      </Row>
      <Row index="13">
        <F>14</F>
        <F>151</F>
        <F>2</F>
      </Row>
      <Row index="14">
        <F>15</F>
        <F>153</F>
        <F>4</F>
      </Row>
      <Row index="15">
        <F>16</F>
        <F>154</F>
        <F>6</F>
      </Row>
      <Row index="16">
        <F>17</F>
        <F>155</F>
        <F>10</F>
      </Row>
      <Row index="17">
        <F>18</F>
        <F>156</F>
        <F>10</F>
      </Row>
      <Row index="18">
        <F>19</F>
        <F>157</F>
        <F>8</F>
      </Row>
      <Row index="19">
        <F>20</F>
        <F>158</F>
        <F>13</F>
      </Row>
      <Row index="20">
        <F>21</F>
        <F>159</F>
        <F>9</F>
      </Row>
      <Row index="21">
        <F>22</F>
        <F>160</F>
        <F>14</F>
      </Row>
      <Row index="22">
        <F>23</F>
        <F>161</F>
        <F>20</F>
      </Row>
      <Row index="23">
        <F>24</F>
        <F>162</F>
        <F>18</F>
      </Row>
      <Row index="24">
        <F>25</F>
        <F>163</F>
        <F>6</F>
      </Row>
      <Row index="25">
        <F>26</F>
        <F>164</F>
        <F>4</F>
      </Row>
      <Row index="26">
        <F>27</F>
        <F>165</F>
        <F>6</F>
      </Row>
      <Row index="27">
        <F>28</F>
        <F>166</F>
        <F>5</F>
      </Row>
      <Row index="28">
        <F>29</F>
        <F>167</F>
        <F>8</F>
      </Row>
      <Row index="29">
        <F>30</F>
        <F>168</F>
        <F>4</F>
      </Row>
      <Row index="30">
        <F>31</F>
        <F>169</F>
        <F>5</F>
      </Row>
      <Row index="31">
        <F>32</F>
        <F>170</F>
        <F>3</F>
      </Row>
      <Row index="32">
        <F>33</F>
        <F>171</F>
        <F>8</F>
      </Row>
      <Row index="33">
        <F>34</F>
        <F>172</F>
        <F>13</F>
      </Row>
      <Row index="34">
        <F>35</F>
        <F>173</F>
        <F>14</F>
      </Row>
      <Row index="35">
        <F>36</F>
        <F>174</F>
        <F>16</F>
      </Row>
      <Row index="36">
        <F>37</F>
        <F>175</F>
        <F>14</F>
      </Row>
      <Row index="37">
        <F>38</F>
        <F>176</F>
        <F>11</F>
      </Row>
      <Row index="38">
        <F>39</F>
        <F>177</F>
        <F>8</F>
      </Row>
      <Row index="39">
        <F>40</F>
        <F>178</F>
        <F>4</F>
      </Row>
      <Row index="40">
        <F>41</F>
        <F>179</F>
        <F>8</F>
      </Row>
      <Row index="41">
        <F>42</F>
        <F>180</F>
        <F>6</F>
      </Row>
      <Row index="42">
        <F>43</F>
        <F>181</F>
        <F>11</F>
      </Row>
      <Row index="43">
        <F>44</F>
        <F>182</F>
        <F>7</F>
      </Row>
      <Row index="44">
        <F>45</F>
        <F>183</F>
        <F>4</F>
      </Row>
      <Row index="45">
        <F>46</F>
        <F>184</F>
        <F>3</F>
      </Row>
      <Row index="46">
        <F>47</F>
        <F>185</F>
        <F>2</F>
      </Row>
      <Row index="47">
        <F>48</F>
        <F>186</F>
        <F>5</F>
      </Row>
      <Row index="48">
        <F>49</F>
        <F>188</F>
        <F>3</F>
      </Row>
      <Row index="49">
        <F>50</F>
        <F>189</F>
        <F>1</F>
      </Row>
      <Row index="50">
        <F>51</F>
        <F>190</F>
        <F>1</F>
      </Row>
      <Row index="51">
        <F>52</F>
        <F>191</F>
        <F>1</F>
      </Row>
      <Row index="52">
        <F>53</F>
        <F>193</F>
        <F>4</F>
      </Row>
      <Row index="53">
        <F>54</F>
        <F>194</F>
        <F>4</F>
      </Row>
      <Row index="54">
        <F>55</F>
        <F>195</F>
        <F>1</F>
      </Row>
      <Row index="55">
        <F>56</F>
        <F>196</F>
        <F>1</F>
      </Row>
      <Row index="56">
        <F>57</F>
        <F>198</F>
        <F>2</F>
      </Row>
      <Row index="57">
        <F>58</F>
        <F>199</F>
        <F>2</F>
      </Row>
      <Row index="58">
        <F>59</F>
        <F>200</F>
        <F>2</F>
      </Row>
      <Row index="59">
        <F>60</F>
        <F>202</F>
        <F>3</F>
      </Row>
      <Row index="60">
        <F>61</F>
        <F>203</F>
        <F>1</F>
      </Row>
      <Row index="61">
        <F>62</F>
        <F>206</F>
        <F>2</F>
      </Row>
      <Row index="62">
        <F>63</F>
        <F>207</F>
        <F>1</F>
      </Row>
      <Row index="63">
        <F>64</F>
        <F>208</F>
        <F>1</F>
      </Row>
      <Row index="64">
        <F>65</F>
        <F>209</F>
        <F>4</F>
      </Row>
      <Row index="65">
        <F>66</F>
        <F>210</F>
        <F>1</F>
      </Row>
      <Row index="66">
        <F>67</F>
        <F>211</F>
        <F>1</F>
      </Row>
      <Row index="67">
        <F>68</F>
        <F>212</F>
        <F>1</F>
      </Row>
      <Row index="68">
        <F>69</F>
        <F>213</F>
        <F>2</F>
      </Row>
      <Row index="69">
        <F>70</F>
        <F>214</F>
        <F>1</F>
      </Row>
      <Row index="70">
        <F>71</F>
        <F>217</F>
        <F>1</F>
      </Row>
      <Row index="71">
        <F>72</F>
        <F>218</F>
        <F>1</F>
      </Row>
      <Row index="72">
        <F>73</F>
        <F>219</F>
        <F>1</F>
      </Row>
      <Row index="73">
        <F>74</F>
        <F>222</F>
        <F>1</F>
      </Row>
      <Row index="74">
        <F>75</F>
        <F>224</F>
        <F>1</F>
      </Row>
      <Row index="75">
        <F>76</F>
        <F>225</F>
        <F>1</F>
      </Row>
      <Row index="76">
        <F>77</F>
        <F>227</F>
        <F>2</F>
      </Row>
      <Row index="77">
        <F>78</F>
        <F>229</F>
        <F>2</F>
      </Row>
      <Row index="78">
        <F>79</F>
        <F>234</F>
        <F>2</F>
      </Row>
      <Row index="79">
        <F>80</F>
        <F>236</F>
        <F>1</F>
      </Row>
      <Row index="80">
        <F>81</F>
        <F>237</F>
        <F>1</F>
      </Row>
      <Row index="81">
        <F>82</F>
        <F>240</F>
        <F>2</F>
      </Row>
      <Row index="82">
        <F>83</F>
        <F>241</F>
        <F>1</F>
      </Row>
      <Row index="83">
        <F>84</F>
        <F>243</F>
        <F>1</F>
      </Row>
      <Row index="84">
        <F>85</F>
        <F>245</F>
        <F>1</F>
      </Row>
      <Row index="85">
        <F>86</F>
        <F>251</F>
        <F>1</F>
      </Row>
      <Row index="86">
        <F>87</F>
        <F>253</F>
        <F>1</F>
      </Row>
      <Row index="87">
        <F>88</F>
        <F>257</F>
        <F>1</F>
      </Row>
      <Row index="88">
        <F>89</F>
        <F>280</F>
        <F>1</F>
      </Row>
      <Row index="89">
        <F>90</F>
        <F>287</F>
        <F>1</F>
      </Row>
    </GDALRasterAttributeTable>
    <Metadata>
      <MDI key="STATISTICS_MINIMUM">50</MDI>
      <MDI key="STATISTICS_MAXIMUM">287</MDI>
      <MDI key="STATISTICS_MEAN">65.576835975412</MDI>
      <MDI key="STATISTICS_STDDEV">41.792322507081</MDI>
      <MDI key="STATISTICS_SKIPFACTORX">1</MDI>
      <MDI key="STATISTICS_SKIPFACTORY">1</MDI>
      <MDI key="STATISTICS_EXCLUDEDVALUES"></MDI>
      <MDI key="STATISTICS_COVARIANCES">1746.59822053587</MDI>
    </Metadata>
  </PAMRasterBand>
</PAMDataset>
