<PAMDataset>
  <Metadata>
    <MDI key="DataType">Generic</MDI>
  </Metadata>
  <Metadata domain="Esri">
    <MDI key="PyramidResamplingType">NEAREST</MDI>
  </Metadata>
  <PAMRasterBand band="1">
    <Histograms>
      <HistItem>
        <HistMin>1441.514892578125</HistMin>
        <HistMax>1489.530151367188</HistMax>
        <BucketCount>256</BucketCount>
        <IncludeOutOfRange>1</IncludeOutOfRange>
        <Approximate>0</Approximate>
        <HistCounts>1|0|0|0|1|0|0|0|0|0|0|0|0|0|0|0|0|0|0|0|0|0|1|0|0|0|0|1|0|0|1|0|0|0|0|0|0|1|0|1|0|0|0|1|0|0|0|0|0|0|0|0|1|0|0|0|0|0|3|2|1|5|0|5|5|3|1|0|0|0|1|2|1|4|0|0|0|0|0|0|0|0|0|0|3|0|0|0|3|2|2|0|3|0|1|0|1|0|0|1|1|0|1|0|1|0|0|2|4|1|4|0|1|3|1|0|0|2|3|1|2|1|5|1|1|2|0|4|1|4|1|2|2|0|1|3|2|1|0|3|1|4|1|3|1|0|3|1|2|0|4|0|1|4|0|2|2|1|0|2|1|0|2|0|2|2|2|3|2|3|3|3|3|2|2|3|3|3|5|2|6|1|6|2|2|0|5|1|2|0|1|1|0|3|3|0|5|1|0|1|4|1|0|2|2|1|2|1|1|0|0|3|0|0|1|1|3|0|0|0|3|0|0|0|1|2|1|0|1|2|0|1|0|0|2|3|0|1|0|2|1|0|1|1|0|0|0|0|1|0|0|1|0|0|1|0</HistCounts>
      </HistItem>
    </Histograms>
    <Metadata>
      <MDI key="STATISTICS_MINIMUM">1441.5148925781</MDI>
      <MDI key="STATISTICS_MAXIMUM">1489.5301513672</MDI>
      <MDI key="STATISTICS_MEAN">1469.3078471439</MDI>
      <MDI key="STATISTICS_STDDEV">10.130635375416</MDI>
      <MDI key="STATISTICS_SKIPFACTORX">1</MDI>
      <MDI key="STATISTICS_SKIPFACTORY">1</MDI>
      <MDI key="STATISTICS_EXCLUDEDVALUES"></MDI>
      <MDI key="STATISTICS_COVARIANCES">102.629773109625</MDI>
    </Metadata>
  </PAMRasterBand>
</PAMDataset>
