<PAMDataset>
  <PAMRasterBand band="1">
    <GDALRasterAttributeTable tableType="thematic">
      <FieldDefn index="0">
        <Name>Rowid</Name>
        <Type>0</Type>
        <Usage>0</Usage>
      </FieldDefn>
      <FieldDefn index="1">
        <Name>VALUE</Name>
        <Type>0</Type>
        <Usage>0</Usage>
      </FieldDefn>
      <FieldDefn index="2">
        <Name>COUNT</Name>
        <Type>0</Type>
        <Usage>0</Usage>
      </FieldDefn>
      <Row index="0">
        <F>0</F>
        <F>2</F>
        <F>436</F>
      </Row>
      <Row index="1">
        <F>1</F>
        <F>5</F>
        <F>648</F>
      </Row>
      <Row index="2">
        <F>2</F>
        <F>8</F>
        <F>327</F>
      </Row>
      <Row index="3">
        <F>3</F>
        <F>9</F>
        <F>323</F>
      </Row>
      <Row index="4">
        <F>4</F>
        <F>21</F>
        <F>346</F>
      </Row>
    </GDALRasterAttributeTable>
  </PAMRasterBand>
</PAMDataset>
