<PAMDataset>
  <Metadata>
    <MDI key="DataType">Generic</MDI>
  </Metadata>
  <Metadata domain="Esri">
    <MDI key="PyramidResamplingType">NEAREST</MDI>
  </Metadata>
  <PAMRasterBand band="1">
    <Histograms>
      <HistItem>
        <HistMin>-0.5</HistMin>
        <HistMax>21.5</HistMax>
        <BucketCount>22</BucketCount>
        <IncludeOutOfRange>1</IncludeOutOfRange>
        <Approximate>0</Approximate>
        <HistCounts>0|0|436|0|0|648|0|0|327|323|0|0|0|0|0|0|0|0|0|0|0|346</HistCounts>
      </HistItem>
    </Histograms>
    <GDALRasterAttributeTable>
      <FieldDefn index="0">
        <Name>Rowid</Name>
        <Type>0</Type>
        <Usage>0</Usage>
      </FieldDefn>
      <FieldDefn index="1">
        <Name>VALUE</Name>
        <Type>0</Type>
        <Usage>0</Usage>
      </FieldDefn>
      <FieldDefn index="2">
        <Name>COUNT</Name>
        <Type>0</Type>
        <Usage>0</Usage>
      </FieldDefn>
      <Row index="0">
        <F>0</F>
        <F>2</F>
        <F>436</F>
      </Row>
      <Row index="1">
        <F>1</F>
        <F>5</F>
        <F>648</F>
      </Row>
      <Row index="2">
        <F>2</F>
        <F>8</F>
        <F>327</F>
      </Row>
      <Row index="3">
        <F>3</F>
        <F>9</F>
        <F>323</F>
      </Row>
      <Row index="4">
        <F>4</F>
        <F>21</F>
        <F>346</F>
      </Row>
    </GDALRasterAttributeTable>
    <Metadata>
      <MDI key="STATISTICS_MINIMUM">2</MDI>
      <MDI key="STATISTICS_MAXIMUM">21</MDI>
      <MDI key="STATISTICS_MEAN">8.1254807692308</MDI>
      <MDI key="STATISTICS_STDDEV">6.2145483053365</MDI>
      <MDI key="STATISTICS_SKIPFACTORX">1</MDI>
      <MDI key="STATISTICS_SKIPFACTORY">1</MDI>
      <MDI key="STATISTICS_EXCLUDEDVALUES"></MDI>
      <MDI key="STATISTICS_COVARIANCES">38.6206106393606</MDI>
    </Metadata>
  </PAMRasterBand>
</PAMDataset>
