<PAMDataset>
  <Metadata>
    <MDI key="DataType">Generic</MDI>
  </Metadata>
  <Metadata domain="Esri">
    <MDI key="PyramidResamplingType">NEAREST</MDI>
  </Metadata>
  <PAMRasterBand band="1">
    <Histograms>
      <HistItem>
        <HistMin>2</HistMin>
        <HistMax>21</HistMax>
        <BucketCount>256</BucketCount>
        <IncludeOutOfRange>1</IncludeOutOfRange>
        <Approximate>0</Approximate>
        <HistCounts>1138542|0|0|0|0|0|0|0|0|0|0|0|0|0|0|0|0|0|0|0|0|0|0|0|0|0|0|0|0|0|0|0|0|0|0|0|0|0|0|0|0|0|0|0|0|0|0|0|0|0|0|0|0|1523184|0|0|0|0|0|0|0|0|0|0|0|0|0|248508|0|0|0|0|0|0|0|0|0|0|0|0|118872|0|0|0|0|0|0|0|0|0|0|0|0|289172|0|0|0|0|0|0|0|0|0|0|0|0|0|81120|0|0|0|0|0|0|0|0|0|0|0|0|45968|0|0|0|0|0|0|0|0|0|0|0|0|0|0|0|0|0|0|0|0|0|0|0|0|0|0|0|0|0|0|0|0|0|0|0|0|0|0|0|0|0|0|0|0|0|0|0|0|0|0|0|0|0|0|0|0|0|0|0|0|0|0|0|0|0|0|0|0|0|0|0|0|0|0|0|0|0|0|0|0|0|0|0|0|0|0|0|0|0|0|0|0|0|0|0|0|0|0|0|0|0|0|0|0|0|0|0|0|0|0|0|0|0|0|0|0|0|0|0|0|0|0|0|0|0|0|0|0|0|0|0|0|0|0|248144</HistCounts>
      </HistItem>
    </Histograms>
    <GDALRasterAttributeTable>
      <FieldDefn index="0">
        <Name>OID</Name>
        <Type>0</Type>
        <Usage>0</Usage>
      </FieldDefn>
      <FieldDefn index="1">
        <Name>Value</Name>
        <Type>0</Type>
        <Usage>0</Usage>
      </FieldDefn>
      <FieldDefn index="2">
        <Name>Count</Name>
        <Type>1</Type>
        <Usage>0</Usage>
      </FieldDefn>
      <Row index="0">
        <F>0</F>
        <F>2</F>
        <F>422</F>
      </Row>
      <Row index="1">
        <F>1</F>
        <F>6</F>
        <F>564</F>
      </Row>
      <Row index="2">
        <F>2</F>
        <F>7</F>
        <F>92</F>
      </Row>
      <Row index="3">
        <F>3</F>
        <F>8</F>
        <F>44</F>
      </Row>
      <Row index="4">
        <F>4</F>
        <F>9</F>
        <F>107</F>
      </Row>
      <Row index="5">
        <F>5</F>
        <F>10</F>
        <F>30</F>
      </Row>
      <Row index="6">
        <F>6</F>
        <F>11</F>
        <F>17</F>
      </Row>
      <Row index="7">
        <F>7</F>
        <F>21</F>
        <F>92</F>
      </Row>
    </GDALRasterAttributeTable>
    <Metadata>
      <MDI key="STATISTICS_MINIMUM">2</MDI>
      <MDI key="STATISTICS_MAXIMUM">21</MDI>
      <MDI key="STATISTICS_MEAN">6.2913434646177</MDI>
      <MDI key="STATISTICS_STDDEV">4.6396923601319</MDI>
      <MDI key="STATISTICS_SKIPFACTORX">1</MDI>
      <MDI key="STATISTICS_SKIPFACTORY">1</MDI>
      <MDI key="STATISTICS_EXCLUDEDVALUES"></MDI>
      <MDI key="STATISTICS_COVARIANCES">21.5267451966664</MDI>
    </Metadata>
  </PAMRasterBand>
</PAMDataset>
